{"cameraMode":{"drawMode":0,"name":"Shaded","section":"Shading Mode"},"sceneLighting":true,"audioPlay":false,"sceneViewState":{"showFog":true,"showMaterialUpdate":true,"showSkybox":true,"showFlares":true,"showImageEffects":true,"showParticleSystems":true},"in2DMode":false,"pivot":{"x":-3.593783378601074,"y":0.3496432304382324,"z":4.731472492218018},"rotation":{"x":-0.23692747950553895,"y":0.3458995223045349,"z":-0.09072331339120865,"w":-0.9033206701278687},"size":10.014885902404786,"orthographic":false}